Line,Line_Name,Sub_Region_of_Primary_Service,Predominant_Vehicle_Type,TSG_Service_Type,Population,Employment,Average_One_Way_Trip_Dist_km,AVG_speed_km_per_hr,RANK_Annual_Boardings,Annual_Boardings,AVG_Daily_Boardings_MF,AVG_Daily_Boardings_Sat,AVG_Daily_Boardings_SunHol,Annual_Revenue_Hours_with_Overc,On_Time_Performance_Percentage,Annual_Service_Cost,Annual_Service_Hours,NOTE,Exchange_Connections,Rail_Connections,SHAPE__Length,TSPR_Year,OBJECTID,SHAPE__Length_2,GlobalID
002,MACDONALD/BURRARD STN,Vancouver/UBC,Artic. Bus,All Day Frequent,99000,157000,8.5,18 km/h,23,3126576,9238,7958,6346,2,78%,6711208,49850,,Burrard; Dunbar,Expo/Millennium Line,20573.6754470364,2024,614,20573.6754470708,9ff8840e-7c6e-4c98-8da2-a4b968b3daa4
003,MAIN/WATERFRONT STN,Vancouver/UBC,Artic. Trolley,All Day Frequent,105000,176000,10.5,14 km/h,17,3559831,10356,9388,7585,1,73%,6169846,54705,,Main Street-Science World; Marine Drive; Waterfront,Canada Line; Expo/Millennium Line; West Coast Express,22572.0102228356,2024,615,22572.0102227965,042211fb-8f78-4d2e-9473-f57422b676ec
004,POWELL/DOWNTOWN/UBC,Vancouver/UBC,Std. Trolley,Peak Frequent,154000,232000,13.3,18 km/h,33,2359286,6837,6213,5137,5,71%,6707529,64050,,Blanca; Granville; NightBus District; UBC; Vancouver City Centre; Waterfront,Canada Line; Expo/Millennium Line; West Coast Express,46319.7686208162,2024,616,46319.768620847,d3154bf4-d23b-4f7b-abc8-8654410cce60
005/006,ROBSON/DOWNTOWN/DAVIE,Vancouver/UBC,Std. Trolley,All Day Frequent,138000,189000,2.9,10 km/h,12,4342385,12649,11117,9458,3,80%,8618773,80792,,Burrard; Stadium-Chinatown; Yaletown-Roundhouse,Canada Line; Expo/Millennium Line,11160.2740784911,2024,617,11160.2740784968,7a441489-d6ab-4fa1-a97a-393f09ebfa63
007,NANAIMO STN/DUNBAR,Vancouver/UBC,Std. Trolley,Peak Frequent,178000,225000,14.8,16 km/h,20,3335298,9822,8607,6799,3,66%,8275104,77629,,Dunbar; Granville; Nanaimo; NightBus District; Vancouver City Centre; Waterfront,Canada Line; Expo/Millennium Line; West Coast Express,42065.663384302,2024,618,42065.6633843783,87a78a38-7cce-4b62-93c5-b099eb17fc03
008,FRASER/WATERFRONT STN,Vancouver/UBC,Artic. Trolley,All Day Frequent,101000,173000,7.2,14 km/h,26,2943726,8741,7150,6082,1,72%,5458270,50051,,Main Street-Science World; Waterfront,Canada Line; Expo/Millennium Line; West Coast Express,19962.3959226333,2024,619,19962.3959226045,79abfe2f-20ba-4280-a98c-6a1cf84a385a
009,BDRY/COMM-BWY/GRAN/ALMA/UBC,Vancouver/UBC,Std. Bus,All Day Frequent,125000,123000,9.4,16 km/h,16,3993678,12112,8792,8010,14,81%,9465116,75918,,Boundary; Broadway-City Hall; Commercial-Broadway; UBC,Canada Line; Expo/Millennium Line,32976.6972659692,2024,620,32976.6972659758,1f35b3f0-c7da-46c6-a84d-496849b77680
010,GRANVILLE/WATERFRONT STN,Vancouver/UBC,Artic. Trolley,All Day Frequent,126000,205000,11.5,16 km/h,28,2879359,8791,6489,5429,0,68%,6215234,55427,,Granville; Marine Drive; Marpole; NightBus District; Vancouver City Centre; Waterfront,Canada Line; Expo/Millennium Line; West Coast Express,31287.911514961,2024,621,31287.9115149938,c8ba9f70-57c4-4922-b0e4-aad84ce23d97
014,HASTINGS/UBC,Vancouver/UBC,Std. Trolley,All Day Frequent,176000,246000,14,17 km/h,22,3245872,9080,9547,7515,7,71%,9219388,84772,,Blanca; Granville; Kootenay; NightBus District; UBC; Vancouver City Centre,Canada Line; Expo/Millennium Line,42302.3507286461,2024,622,42302.3507286959,9c01711a-ca24-4adb-bdf3-e96b8bfdb717
015/050,CAMBIE/OLYMPIC VILLAGE STN/WATERFRONT STN/FALSE CREEK SOUTH,Vancouver/UBC,Std. Bus,Peak Frequent,163000,252000,7.1,15 km/h,34,2347400,6728,6199,5381,3,74%,6211980,58311,015/050 run as a connected route,Broadway-City Hall; Granville; King Edward; Langara-49th Avenue; Marine Drive; NightBus District; Oakridge-41st Avenue; Olympic Village; Vancouver City Centre; Waterfront,Canada Line; Expo/Millennium Line; West Coast Express,40758.9002925967,2024,623,40758.9002926137,0a3fd9f3-3bcf-40a3-ac63-ce27864e974c
016,29TH AVENUE STN/ARBUTUS,Vancouver/UBC,Std. Trolley,All Day Frequent,186000,248000,18.4,16 km/h,6,5316227,16009,12638,10352,9,74%,10987222,102251,,29th Avenue; Granville; NightBus District; Renfrew; Vancouver City Centre,Canada Line; Expo/Millennium Line,45251.4151217583,2024,624,45251.4151217835,7e507859-ddc2-4ed6-b87e-e9b1e7acbe71
017,DOWNTOWN/OAK,Vancouver/UBC,Std. Trolley,All Day Frequent,123000,216000,12.3,16 km/h,42,2012206,6121,4502,3906,1,65%,5286047,46721,,Broadway-City Hall; Granville; Marine Drive; Vancouver City Centre,Canada Line; Expo/Millennium Line,26168.2837708861,2024,625,26168.283770936,95ef041c-ce73-432f-815e-9977dab6493d
019,METROTOWN STN/STANLEY PARK,Vancouver/UBC,Std. Trolley,All Day Frequent,178000,218000,10.6,14 km/h,10,4378439,12302,11874,10737,6,70%,9455227,89943,,Burrard; Main Street-Science World; Metrotown; Stanley Park,Expo/Millennium Line,28000.0705038834,2024,626,28000.0705038648,e4b75272-ca3d-404a-98eb-2febdb434dff
020,VICTORIA/DOWNTOWN,Vancouver/UBC,Artic. Trolley,All Day Frequent,133000,202000,9.2,14 km/h,14,4232015,12601,10106,8752,1,77%,8078562,67067,,Commercial-Broadway; Granville; Vancouver City Centre,Canada Line; Expo/Millennium Line,21331.7310170281,2024,627,21331.7310170248,f46ef68e-87c6-46c3-a47b-53ad813a77a9
022,KNIGHT/DOWNTOWN,Vancouver/UBC,Std. Bus,All Day Frequent,134000,213000,10.5,16 km/h,29,2777619,8534,6093,5168,9,81%,6328894,58663,,Burrard; Knight Street-Marine Drive; Main Street-Science World,Expo/Millennium Line,39418.727812681,2024,628,39418.7278126989,8970b699-ab8e-4235-8417-c1c31b32243f
023,MAIN ST STN/ENGLISH BAY,Vancouver/UBC,Std. Bus,All Day Frequent,116000,123000,5.5,15 km/h,54,1522842,4437,4022,3214,2,78%,2502085,47482,,Main Street-Science World; Stadium-Chinatown; Yaletown-Roundhouse,Canada Line; Expo/Millennium Line,13951.236470446,2024,629,13951.236470434,2cea732f-2f9d-4031-941c-6d24158bc40d
025,BRENTWOOD STN/UBC,Vancouver/UBC,Artic. Bus,All Day Frequent,121000,69000,18.3,21 km/h,4,6360716,19935,13311,10844,7,67%,12000638,102193,,Brentwood Town Centre; King Edward; Nanaimo; UBC,Canada Line; Expo/Millennium Line,59843.4987621447,2024,630,59843.4987621325,7ffa388a-fbfd-4b42-91e7-a19ca1aec9fe
026,JOYCE STN/29TH AVENUE STN,Vancouver/UBC,Std. Bus,Peak Frequent,67000,14000,9.9,19 km/h,64,1230506,3923,2536,1876,0,88%,2951485,27250,,29th Avenue; Joyce-Collingwood,Expo/Millennium Line,19092.4620943225,2024,631,19092.4620943025,5e8fc4a9-03b7-4557-8046-73f52ae2d160
027,KOOTENAY LOOP/JOYCE STN,Vancouver/UBC,Std. Bus,Peak Frequent,61000,25000,5.7,16 km/h,67,1202014,3663,2903,2139,0,85%,2093618,19647,,Joyce-Collingwood; Kootenay; Rupert,Expo/Millennium Line,19823.1115297108,2024,632,19823.1115297163,e30d015c-ff21-409d-9b38-1d95d10f71e8
028,PHIBBS EXCH/JOYCE STN,Burnaby/New Westminster,Std. Bus,Peak Frequent,65000,38000,7.2,21 km/h,50,1574246,4946,3177,2731,1,81%,3563545,34433,Data reflects service redesign with 222 and 245 in Apr 2020,Gilmore; Joyce-Collingwood; Kootenay; Phibbs,Expo/Millennium Line,30134.8929411875,2024,633,30134.8929412233,8672f075-9222-436c-a2fc-61a42a33b3da
029,ELLIOTT/29TH AVENUE STN,Vancouver/UBC,Std. Bus,Peak Frequent,34000,6000,4.5,17 km/h,101,666265,2090,1450,1085,0,90%,1216024,11775,,29th Avenue,Expo/Millennium Line,7372.39514172636,2024,634,7372.39514173148,2f128d24-0d8f-43cd-89d2-fb6d54efd584
031,METROTOWN STATION/RIVER DISTRICT,Vancouver/UBC,Mini-Bus,Standard,46000,25000,5.4,23 km/h,129,297278,901,718,548,1,78%,506783,9548,New route to River District starting Apr 2020,Metrotown,Expo/Millennium Line,10940.9972904218,2024,635,10940.9972904309,f05004be-6991-4067-9037-9e82f21f23a7
033,29 AVE STN/ UBC,Vancouver/UBC,Std. Bus,Peak Frequent,102000,42000,17.9,21 km/h,35,2284183,7457,4073,3316,16,77%,4547934,43082,,29th Avenue; King Edward; UBC,Canada Line; Expo/Millennium Line,40278.8823864503,2024,636,40278.8823864261,b42a1913-2aa3-49bd-9138-be9f5a99ca60
041,JOYCE STN/CROWN,Vancouver/UBC,Std. Trolley,All Day Frequent,85000,25000,8.4,20 km/h,39,2082335,5723,5773,5495,1,82%,5372942,49911,Data reflects service redesign with R4 in Jan 2020,Dunbar; Joyce-Collingwood; Oakridge-41st Avenue,Canada Line; Expo/Millennium Line,27300.0057702674,2024,637,27300.0057702553,12191f5a-2962-4ebf-92e9-b2ae8eb776f2
049,METROTOWN STN/DUNBAR LOOP/UBC,Vancouver/UBC,Artic. Bus,All Day Frequent,109000,77000,16,22 km/h,3,8499489,26847,16837,14446,20,71%,12012080,119176,Data reflects service redesign with R4 in Jan 2020,Dunbar; Langara-49th Avenue; Metrotown; UBC,Canada Line; Expo/Millennium Line,44939.000685953,2024,638,44939.0006859029,2318aa2f-c38e-44c4-a21c-9cd85d328d99
068,UBC EXCHANGE/WESBROOK VILLAGE,Vancouver/UBC,Mini-Bus,Standard,19000,17000,6.1,21 km/h,118,478231,1386,1209,1080,0,90%,927485,18745,"Data reflects service redesign in Jan 2020; Previously C18, C20, and 070",,,13685.7673042936,2024,639,13685.7673042738,e4af50fc-a447-4d14-8047-c9e806234f86
080,MARINE DR STN/RIVER DISTRICT,Vancouver/UBC,Std. Bus,Peak Only - Limited,35000,16000,7,22 km/h,153,129358,517,0,523,3,95%,,3558,New route along Marine Drive starting in 2023,Marine Drive,Canada Line,21091.1467336923,2024,640,21091.1467336566,5f98b348-321e-4422-9777-946f45b49845
084,UBC/VCC-CLARK STATION,Vancouver/UBC,Artic. Bus,Peak Frequent,88000,97000,13.7,23 km/h,37,2167861,7278,4117,2176,4,79%,4167713,33742,,Olympic Village; UBC; VCC-Clark,Canada Line; Expo/Millennium Line,29058.5360309746,2024,641,29058.5360309322,69cb398f-9dfa-4724-837d-8bbfca5eb851
099,COMMERCIAL-BROADWAY/UBC (B-LINE),Vancouver/UBC,Artic. Bus,All Day Frequent,105000,112000,14.2,20 km/h,1,10623737,34161,21424,15439,22,79%,14749254,116792,,Boundary; Broadway-City Hall; Commercial-Broadway; UBC,Canada Line; Expo/Millennium Line,31566.3713253711,2024,642,31566.3713253711,da442fee-4a78-4a3d-9807-9f1cbb70eb67
100,22ND ST STN/MARPOLE LOOP,Vancouver/UBC,Std. Bus,All Day Frequent,62000,39000,16.4,23 km/h,18,3501686,10497,7941,7307,9,86%,7619749,68277,,22nd Street; Knight Street-Marine Drive; Marine Drive; Marpole,Canada Line; Expo/Millennium Line,40889.3409886912,2024,643,40889.3409886564,f6003f90-e799-4fb8-a270-259e54560c97
101,LOUGHEED STN/22ND ST STN,Burnaby/New Westminster,Std. Bus,Standard,88000,35000,9.5,19 km/h,84,927683,2914,1894,1595,3,83%,2388155,23476,,22nd Street; Edmonds; Lougheed Town Centre,Expo/Millennium Line,23687.0411277991,2024,644,23687.041127811,b11f3f10-87c2-4e89-8ca5-935ba1dede4a
102/103,NEW WESTMINSTER STN/VICTORIA  HILL/QUAYSIDE,Burnaby/New Westminster,Mini-Bus,All Day Frequent,34000,16000,2.2,17 km/h,116,484711,1496,1083,860,0,86%,,19503,Data reflects service redesign in 2023; 102/103 run as a connected route,Columbia; New Westminster,Expo/Millennium Line,8062.73710581047,2024,645,8062.73710582176,cbb4bc5e-62c1-4d39-be87-7918d8051aa8
104,22ND ST STN/ANNACIS ISLAND,Southeast,Std. Bus,Peak Frequent,14000,18000,8.1,25 km/h,89,884970,3069,1281,832,4,81%,1899527,20002,,22nd Street,Expo/Millennium Line,27643.9348751698,2024,646,27643.9348751694,51273354-ed74-4293-a13a-ac5ab6250cd5
105,UPTOWN/NEW WESTMINSTER STATION,Burnaby/New Westminster,Mini-Bus,Standard,44000,21000,6.8,17 km/h,134,270910,809,690,518,0,73%,873377,12683,,Columbia; New Westminster,Expo/Millennium Line,14314.8309434052,2024,647,14314.8309434238,ae0d5c49-ce8c-4928-8cfd-4a46d36371c5
106,NEW WESTMINSTER STN/EDMONDS STN,Burnaby/New Westminster,Std. Bus,All Day Frequent,66000,28000,6.3,14 km/h,25,3013356,9175,7172,5475,7,86%,3861542,37812,,Edmonds; New Westminster,Expo/Millennium Line,10849.7340515822,2024,648,10849.7340515853,3f502492-88c2-4b7c-9dac-aca42c486b29
109,NEW WESTMINSTER STN/LOUGHEED STN,Burnaby/New Westminster,Mini-Bus,Basic,62000,31000,7.3,21 km/h,149,153372,484,311,258,0,87%,688698,10297,,Columbia; Lougheed Town Centre; New Westminster; Sapperton,Expo/Millennium Line,12061.2733750046,2024,649,12061.2733750027,82fb7bde-1044-4dcb-bed3-f410f3aa06a9
110,LOUGHEED STN/METROTOWN STN,Burnaby/New Westminster,Std. Bus,Standard,87000,58000,11.8,22 km/h,86,902144,2903,1643,1443,1,82%,3383442,32243,,Lougheed Town Centre; Metrotown; Patterson; Production Way-University; Sperling-Burnaby Lake,Expo/Millennium Line,38513.2887959602,2024,650,38513.2887959583,5360388c-dfcb-4fea-aeae-a9c7be3f565e
112,EDMONDS STN/NEW WEST STN,Burnaby/New Westminster,Std. Bus,Peak Frequent,55000,20000,4.2,17 km/h,72,1140726,3564,2648,1779,1,92%,2014423,19581,,Edmonds; New Westminster,Expo/Millennium Line,9072.15347576976,2024,651,9072.15347578714,7776d9b2-8682-4ba0-8edf-efe8236fb33c
116,EDMONDS STN/METROTOWN STN,Burnaby/New Westminster,Std. Bus,Peak Frequent,63000,53000,14.1,24 km/h,70,1190813,4200,1385,1124,12,90%,3129565,29753,,Edmonds; Metrotown,Expo/Millennium Line,37917.2858799805,2024,652,37917.2858799765,37ec7dec-1d8e-4446-8e5c-637252b7acb1
119,EDMONDS STN/METROTOWN STN,Burnaby/New Westminster,Std. Bus,All Day Frequent,75000,39000,5.7,16 km/h,44,1899914,5613,4755,3924,3,94%,3262043,30225,,Edmonds; Metrotown,Expo/Millennium Line,9188.35524264793,2024,653,9188.35524263194,238b138c-3043-4963-847f-0aed4ea6daba
123,NEW WEST STN/BRENTWOOD STN,Burnaby/New Westminster,Std. Bus,All Day Frequent,79000,56000,7.8,19 km/h,40,2049636,6328,4425,3753,5,84%,4459387,44577,,Brentwood Town Centre; New Westminster,Expo/Millennium Line,24897.7671589813,2024,654,24897.7671589972,7c928e24-4fe6-4a61-824e-758bab02b919
128,BRAID STN/22ND STREET STN,Burnaby/New Westminster,Std. Bus,Peak Frequent,29000,22000,5.5,20 km/h,93,807410,2686,1337,1061,1,92%,1955923,19911,,22nd Street; Braid,Expo/Millennium Line,11435.2069399334,2024,655,11435.2069399409,1ecbe972-797e-44f2-8f6a-1de312ae5de2
129/133,PATTERSON STN/HOLDOM STN/EDMONDS STN,Burnaby/New Westminster,Std. Bus,Peak Frequent,130000,74000,9.9,20 km/h,46,1776095,5757,3297,2633,2,74%,4692654,43966,129/133 run as a connected route,Edmonds; Gilmore; Holdom; Metrotown; Patterson,Expo/Millennium Line,37041.3027113378,2024,656,37041.302711372,caf9cd8a-6a2e-4e15-a31b-5e2da55c46a7
130,METROTOWN/PENDER/KOOTENAY,Burnaby/New Westminster,Std. Bus,All Day Frequent,82000,58000,7.7,18 km/h,21,3255555,10241,7042,5222,10,76%,5213284,52933,Data reflects service redesign with 222 and 245 in Apr 2020,Brentwood Town Centre; Kootenay; Metrotown; Phibbs,Expo/Millennium Line,31052.2308358478,2024,657,31052.230835865,ae4adbf1-0ebf-408f-86d6-4ee842a61697
131,HASTINGS AT GILMORE/KOOTENAY LOOP,Burnaby/New Westminster,Mini-Bus,Basic,21000,7000,4.5,20 km/h,182,38657,126,68,59,0,82%,388469,5581,,,,8954.2847158505,2024,658,8954.2847158678,252619c4-b020-4bd1-80e4-553376c74b9d
132,CAPITOL HILL/HASTINGS AT GILMORE,Burnaby/New Westminster,Mini-Bus,Basic,15000,6000,3.8,21 km/h,181,39646,128,76,60,0,81%,176024,2624,,,,6925.44404277074,2024,659,6925.44404278185,4015169b-0393-43bc-b82d-f5143c38e790
134,LAKE CITY STN/BRENTWOOD STN,Burnaby/New Westminster,Std. Bus,Standard,51000,26000,9.4,23 km/h,122,445707,1373,935,849,0,86%,1875190,18939,,Brentwood Town Centre; Lake City Way; Sperling-Burnaby Lake,Expo/Millennium Line,30174.2270661701,2024,660,30174.2270661864,6d145971-c503-4f4c-8801-43c1121101c8
136,LOUGHEED STN/BRENTWOOD STN,Burnaby/New Westminster,Std. Bus,Standard,68000,45000,11,24 km/h,123,434166,1361,915,734,0,85%,1997044,21261,,Brentwood Town Centre; Holdom; Lougheed Town Centre; Production Way-University,Expo/Millennium Line,29842.0858869951,2024,661,29842.0858870124,8d9b9480-7f5b-4eb0-ad74-fc23eb348ca5
143,BURQUITLAM STN/SFU,Northeast Sector,Artic. Bus,Peak Frequent,24000,7000,7,31 km/h,121,455804,1829,0,380,2,93%,1144003,9280,,Burquitlam; SFU,Expo/Millennium Line,17812.7965452277,2024,662,17812.7965452278,4774c8a7-9cf1-490d-a617-79c6509154d1
144,SFU/METROTOWN STN,Burnaby/New Westminster,Std. Bus,Peak Frequent,72000,39000,15,24 km/h,53,1529297,4947,3002,2176,2,83%,4400883,42605,,Metrotown; SFU; Sperling-Burnaby Lake,Expo/Millennium Line,38961.0347440497,2024,663,38961.0347440653,a6cc1c7a-722c-45e6-8268-0ec72f715e7f
145,SFU/PRODUCTION STN,Burnaby/New Westminster,Artic. Bus,Peak Frequent,16000,18000,8.1,30 km/h,56,1416602,5007,1681,1269,6,95%,3060437,25989,,Production Way-University; SFU,Expo/Millennium Line,21713.6617530392,2024,664,21713.6617530487,126b6080-30e3-41b0-9365-2d5a307fdd6e
146,METROTOWN STN/SUNCREST,Burnaby/New Westminster,Mini-Bus,Standard,40000,28000,3.4,22 km/h,160,104571,323,210,203,0,86%,393010,6265,,Metrotown,Expo/Millennium Line,7664.29428998629,2024,665,7664.29428997778,5a2e6905-adcd-4159-adbd-609c0eea2425
147,METROTOWN STN/EDMONDS STN,Burnaby/New Westminster,Mini-Bus,Peak Frequent,67000,32000,6.7,22 km/h,114,496237,1529,1092,903,1,94%,1103161,17493,,Edmonds; Metrotown,Expo/Millennium Line,11401.759443247,2024,666,11401.7594432304,52caa4a7-250f-4ea8-9ac6-d344810529a7
148,ROYAL OAK STN/EDMONDS STN,Burnaby/New Westminster,Mini-Bus,Peak Frequent,45000,30000,6.3,26 km/h,125,391934,1247,704,690,0,88%,797451,12196,,Edmonds; Royal Oak,Expo/Millennium Line,10609.2471782868,2024,667,10609.2471782821,7af1257b-7a2c-4520-bdc8-084cd26e363a
151,COQUITLAM CTRL STN/BURQUITLAM STN,Northeast Sector,Std. Bus,Standard,47000,19000,7.7,28 km/h,126,389281,1213,776,722,0,93%,1676540,15582,,Burquitlam; Coquitlam Central,Expo/Millennium Line; West Coast Express,20317.7087003637,2024,668,20317.7087003912,fef80730-e48b-4bf4-a410-5729df53735a
152,COQUITLAM CENTRAL STN/LOUGHEED STN,Northeast Sector,Std. Bus,Peak Frequent,59000,28000,13.1,24 km/h,90,880407,2850,1638,1317,1,92%,2420260,22829,,Coquitlam Central; Lougheed Town Centre,Expo/Millennium Line; West Coast Express,32594.9603576155,2024,669,32594.9603576358,99e4964e-fcb7-4b4f-b87c-12762bc6ce51
153,COQUITLAM CENTRAL STN/BRAID STN,Northeast Sector,Std. Bus,Peak Frequent,38000,25000,9.8,26 km/h,97,691554,2304,1143,899,1,87%,2098341,21084,,Braid; Coquitlam Central,Expo/Millennium Line; West Coast Express,21722.1350050365,2024,670,21722.1350050524,7a412b2b-82fb-44f3-9920-e1c9051dc29e
155,BRAID STN/22ND STREET  STN,Burnaby/New Westminster,Std. Bus,Standard,40000,27000,7.5,18 km/h,104,655274,2009,1470,1210,1,91%,1716910,17815,,22nd Street; Braid,Expo/Millennium Line,12410.5921032203,2024,671,12410.5921032117,a6aa356d-0f5c-480b-806a-1b6db6462260
156,BRAID STN/LOUGHEED STN,Northeast Sector,Std. Bus,Basic,69000,30000,15,24 km/h,96,693038,2225,1628,836,1,81%,2225725,20689,,Braid; Burquitlam; Lougheed Town Centre,Expo/Millennium Line,26834.1849905716,2024,672,26834.1849905882,7bbe8046-20aa-4e4c-858a-ed59555c8752
157,BURQUITLAM STN/LOUGHEED STN,Northeast Sector,Std. Bus,Standard,56000,20000,10.8,23 km/h,117,484395,1487,1059,909,1,90%,1568326,18822,,Burquitlam; Lougheed Town Centre,Expo/Millennium Line,19577.0633079362,2024,673,19577.0633079427,2df32f3f-c52d-40fd-be69-3ec4028eae99
159,COQUITLAM CENTRAL STN/BRAID STN,Northeast Sector,Std. Bus,Basic,52000,45000,16.6,26 km/h,95,736701,2393,1589,894,4,83%,2910476,26718,,Braid; Coquitlam Central; Port Coquitlam,Expo/Millennium Line; West Coast Express,45981.2680100645,2024,674,45981.2680100727,7bf53ba4-797b-4660-b6d8-27e17ab54fa0
160,PORT COQUITLAM STN/KOOTENAY LOOP,Northeast Sector,Std. Bus,All Day Frequent,94000,44000,26.1,26 km/h,63,1240907,3743,2927,2409,0,77%,6819111,63392,,Coquitlam Central; Inlet Centre; Kootenay; Lafarge Lake-Douglas; Lincoln; Moody Centre; Port Coquitlam,Expo/Millennium Line; West Coast Express,65199.9835455073,2024,675,65199.9835455352,a317ae94-2dcf-4b26-aaec-d268cd6fa7b7
169,COQUITLAM CENTRAL STN/BRAID STN,Northeast Sector,Mini-Bus,Standard,23000,28000,11.1,29 km/h,128,317237,841,927,918,0,93%,1232335,16177,,Braid; Coquitlam Central,Expo/Millennium Line; West Coast Express,29076.4406369405,2024,676,29076.4406369587,119f73fc-86ce-4ee4-940f-82f5dd00dc2e
170,PT COQUITLAM STN/PT COQUITLAM SOUTH,Northeast Sector,Mini-Bus,Peak Frequent,22000,10000,4.1,23 km/h,167,89117,308,119,97,0,92%,635036,9248,,Port Coquitlam,West Coast Express,12476.9281521789,2024,677,12476.9281521891,965c06b2-0f1d-4924-a527-66892382c7d1
171/172,COQUITLAM CENTRAL STN/RIVERSIDE/FREMONT,Northeast Sector,Mini-Bus,Basic,41000,21000,8.8,26 km/h,112,536812,1772,1087,599,0,84%,1875192,26958,,Coquitlam Central,Expo/Millennium Line; West Coast Express,31606.5547058485,2024,678,31606.5547058391,bade7f0e-cd6c-4499-9369-f8c69777795e
173/174,COQUITLAM CENTRAL STN/CEDAR/ROCKLIN,Northeast Sector,Mini-Bus,Basic,57000,25000,10.8,25 km/h,127,389002,1280,747,483,0,73%,2454023,36648,,Coquitlam Central; Port Coquitlam,Expo/Millennium Line; West Coast Express,37671.8558851147,2024,679,37671.8558851064,17a64e3f-9c7e-4a2d-8e63-806723a7cf29
175,COQUITLAM CENTRAL STN/MERIDIAN,Northeast Sector,Mini-Bus,Peak Only - Limited,30000,29000,7.4,21 km/h,163,94735,379,0,272,0,78%,415211,6090,,Coquitlam Central; Port Coquitlam,Expo/Millennium Line; West Coast Express,17754.9169965788,2024,680,17754.9169965808,e4152090-9eba-45a6-84e7-79934a9c380f
180,MOODY CTR STN/LOUGHEED STN,Northeast Sector,Mini-Bus,Peak Frequent,54000,20000,9.1,23 km/h,99,680747,2251,1127,947,0,88%,2307460,28873,,Burquitlam; Lougheed Town Centre; Moody Centre,Expo/Millennium Line; West Coast Express,17452.5852141374,2024,681,17452.5852141422,6e180434-42a4-473b-aace-4e971b482642
181,MOODY CTR STN/IOCO,Northeast Sector,Mini-Bus,Basic,20000,9000,12.3,31 km/h,177,58320,195,100,70,0,87%,483298,7305,,Moody Centre,Expo/Millennium Line; West Coast Express,29676.4342776291,2024,682,29676.4342776343,64ae2934-8cb1-4dd4-9834-613d53cde134
182,MOODY CTR STN/BELCARRA,Northeast Sector,Mini-Bus,Basic,23000,10000,19.3,33 km/h,159,105897,337,197,179,0,76%,900376,13793,,Moody Centre,Expo/Millennium Line; West Coast Express,32886.2408036354,2024,683,32886.2408036201,5056c19e-fb30-4680-809f-ef30cb2a706b
183,MOODY CTR STN/COQUITLAM CENTRAL STN,Northeast Sector,Std. Bus,Peak Frequent,71000,28000,13.3,24 km/h,120,460058,1522,765,637,0,86%,2740231,30098,,Coquitlam Central; Inlet Centre; Lafarge Lake-Douglas; Lincoln; Moody Centre,Expo/Millennium Line; West Coast Express,26726.5473553126,2024,684,26726.5473553077,7af4d652-dba0-40fe-b7f8-0b510a083ad8
184/185,COQUITLAM CENTRAL STN/LANSDOWNE/MOODY CTR STN/NOONS CREEK,Northeast Sector,Mini-Bus,Peak Frequent,40000,23000,5.3,25 km/h,141,220649,735,361,289,0,90%,1458260,21055,,Coquitlam Central; Inlet Centre; Moody Centre,Expo/Millennium Line; West Coast Express,19585.6360061066,2024,685,19585.6360060994,fe52d1a6-0bc1-4614-90e8-f2cc2652faff
186,COQUITLAM CENTRAL STN/HAMPTON PARK,Northeast Sector,Mini-Bus,Peak Frequent,43000,17000,6.5,23 km/h,138,238725,758,476,389,1,88%,845912,13012,,Coquitlam Central; Lafarge Lake-Douglas; Lincoln,Expo/Millennium Line; West Coast Express,15677.7526645444,2024,686,15677.7526645574,054886fb-6a30-40f2-8149-6f330802c489
187,COQUITLAM CENTRAL STN/PARKWAY BLVD,Northeast Sector,Mini-Bus,Peak Frequent,32000,16000,6.5,24 km/h,135,270818,874,503,415,0,87%,948494,14116,,Coquitlam Central,Expo/Millennium Line; West Coast Express,19709.3079556069,2024,687,19709.307955614,072ac3f4-8db4-47aa-93e0-745561c4bc5e
188,COQUITLAM CENTRAL STN/PORT COQ STN,Northeast Sector,Std. Bus,Peak Frequent,68000,28000,12.6,26 km/h,106,620190,2018,1131,907,1,90%,2725301,25954,,Coquitlam Central; Lafarge Lake-Douglas; Lincoln; Port Coquitlam,Expo/Millennium Line; West Coast Express,27215.4558507673,2024,688,27215.4558507564,cee83f06-4b22-43c2-b56e-859bd50d4f09
189,COQUITLAM CENTRAL STN/LAFARGE PARK,Northeast Sector,Mini-Bus,Standard,26000,13000,4.1,20 km/h,166,91324,288,180,156,0,89%,620567,7463,,Coquitlam Central,Expo/Millennium Line; West Coast Express,9306.99553627768,2024,689,9306.99553626313,397698d3-90cf-4a68-ade1-d551754d1c03
191,COQUITLAM CENTRAL STN/PRINCETON,Northeast Sector,Std. Bus,Standard,44000,16000,7.2,23 km/h,136,260378,834,509,405,0,84%,1071518,10043,,Coquitlam Central; Lafarge Lake-Douglas,Expo/Millennium Line; West Coast Express,20946.7330356542,2024,690,20946.7330356498,726b3e32-5f2e-49ab-8fe3-39c46c837762
209,UPPER LYNN VALLEY/BURRARD STATION,North Shore,Std. Bus,Special,102000,185000,14.3,24 km/h,151,135736,374,410,330,0,84%,843487,7885,Spring 2024: Adjusted stopping pattern to permit boarding/alighting on all downtown stops,Burrard; Lynn Valley; NightBus District; Phibbs,Expo/Millennium Line,38955.6848234106,2024,691,38955.6848234555,e63d22ea-a1ed-47b4-8332-14b565c57954
210,UPPER LYNN VALLEY/BURRARD STATION,North Shore,Std. Bus,Peak Frequent,101000,182000,9.6,22 km/h,92,852302,2732,1646,1331,1,81%,3275118,30677,Spring 2024: Adjusted stopping pattern to permit boarding/alighting on all downtown stops,Burrard; Lynn Valley; NightBus District; Phibbs,Expo/Millennium Line,41754.4233845021,2024,692,41754.4233845538,4d8c781c-820a-4b3e-88ee-0ba5cd917861
211,SEYMOUR/PHIBBS EXCH/BURRARD STATION,North Shore,Std. Bus,Peak Frequent,102000,185000,12.9,26 km/h,100,669559,2063,1403,1276,1,76%,2802958,27273,Spring 2024: Adjusted stopping pattern to permit boarding/alighting on all downtown stops,Burrard; Capilano University; Deep Cove; NightBus District; Phibbs,Expo/Millennium Line,55281.1480444891,2024,693,55281.1480444696,9e515627-2c90-481a-8e13-dfba40d8934f
212,DEEP COVE/PHIBBS EXCH,North Shore,Std. Bus,Basic,18000,12000,8.8,29 km/h,137,255750,778,551,513,0,89%,1175693,11214,,,,16700.3053977132,2024,694,16700.3053976874,6f8305b0-7265-4e94-b430-57f5244337df
215,INDIAN RIVER/PHIBBS EXCH,North Shore,Mini-Bus,Peak Frequent,19000,12000,6.8,27 km/h,143,203851,675,353,267,1,91%,967479,10956,,,,15283.1066657294,2024,695,15283.1066657173,a8502ccd-f056-41af-bd44-d6e43d160843
222,METROTOWN STATION/PHIBBS EXCHANGE,North Shore,Std. Bus,Peak Only - Limited,75000,53000,11.8,23 km/h,81,946139,3793,0,1650,10,81%,1821274,17586,New route to Phibbs Exchange/Metrotown Stn starting Apr 2020,Brentwood Town Centre; Kootenay; Metrotown; Phibbs,Expo/Millennium Line,30368.4960176616,2024,696,30368.4960176862,0d01785f-cfc4-48f5-a5c6-18789b5bb4e8
227,LYNN VALLEY/PHIBBS EXCHANGE,North Shore,Mini-Bus,Standard,21000,9000,7.4,24 km/h,150,138524,353,456,415,0,92%,741934,9297,,,,12699.0264131917,2024,697,12699.0264132455,d78a2b65-534a-49ab-b77e-9f966e4af768
228,LYNN VALLEY/LONSDALE QUAY,North Shore,Std. Bus,Peak Frequent,46000,20000,5.8,20 km/h,111,567917,1737,1307,1039,1,83%,2147431,20100,,,,17683.3391423592,2024,698,17683.3391423717,ccf0d636-b44d-4baf-98d3-b256bcab8df6
229,LYNN VALLEY/LONSDALE QUAY,North Shore,Std. Bus,Standard,56000,29000,6.3,16 km/h,87,894467,2664,2269,1741,2,84%,2210112,20650,,,,11428.2244620204,2024,699,11428.2244620674,7f2f34ee-97b6-4579-82c0-d09820f10383
230,UPPER LONSDALE/LONSDALE QUAY,North Shore,Std. Bus,Standard,47000,25000,6.2,15 km/h,98,686026,2159,1525,1063,3,84%,1813804,16901,,,,12982.0398839145,2024,700,12982.0398839377,fd2378a5-4e4a-4b1e-9ff5-34f18ff5817d
231,HARBOURSIDE/LONSDALE QUAY,North Shore,Std. Bus,Peak Only - Limited,21000,19000,2.6,16 km/h,189,18114,73,0,34,0,91%,129821,1176,,,,4192.3600285267,2024,701,4192.36002853213,ccb04298-fd0b-463c-83de-6745413e43b1
232,GROUSE MOUNTAIN/PHIBBS EXCH,North Shore,Std. Bus,Standard,55000,25000,11.9,20 km/h,105,633086,1929,1408,1224,0,78%,2271519,21349,,,,27752.1308500637,2024,702,27752.1308500286,099157da-7c7a-4807-8a51-e3e48b8ab7bc
236,GROUSE MOUNTAIN/LONSDALE QUAY,North Shore,Std. Bus,Standard,35000,26000,7.2,22 km/h,115,485881,1248,1606,1411,0,84%,2247165,20734,,,,18095.921035958,2024,703,18095.9210359415,113dd1cc-bda7-49bc-aa2d-b016f2bf7d2f
240,LYNN VALLEY/DOWNTOWN,North Shore,Std. Bus,All Day Frequent,114000,188000,12.9,20 km/h,27,2922507,8808,7175,5481,8,70%,6695653,59824,Data reflects extension to Lynn Valley in Apr 2020,Lynn Valley; Vancouver City Centre,Canada Line; Expo/Millennium Line,29786.8515911831,2024,704,29786.8515911906,b583299e-ed1f-45fc-bbfd-3b5e5aa7e6b8
241,UPPER LONSDALE/DOWNTOWN,North Shore,Std. Bus,Peak Only - Limited,107000,187000,11.4,19 km/h,131,282480,1132,0,721,2,71%,923512,8577,,Vancouver City Centre,Canada Line; Expo/Millennium Line,26514.5281491466,2024,705,26514.5281491392,1262ae47-25cf-4b75-beef-66c9d6ec916f
245,PHIBBS/CAPILANO,North Shore,Std. Bus,Peak Frequent,7000,5000,3.9,22 km/h,102,659684,2541,301,173,1,94%,1834450,19095,New route to Capilano University starting Apr 2020,,,7192.78880825426,2024,706,7192.78880822776,0d24384d-820f-4751-8fd3-718e0e163a50
246/249,LONSDALE QUAY/DELBROOK/HIGHLAND/DOWNTOWN,North Shore,Std. Bus,Peak Frequent,114000,187000,8.6,20 km/h,73,1129407,3542,2380,1903,2,72%,3853467,36614,246/249 run as a connected route,Edgemont Village; Lonsdale Quay; Vancouver City Centre,Canada Line; Expo/Millennium Line,32439.8505547069,2024,707,32439.8505546849,a8738e7d-b52e-4842-8c78-7d86463a8276
247,GROUSE MOUNTAIN/DOWNTOWN,North Shore,Std. Bus,Peak Only - Limited,83000,166000,16.4,25 km/h,172,66977,268,0,159,0,79%,295916,2773,,Vancouver City Centre,Canada Line; Expo/Millennium Line,27324.5367055881,2024,708,27324.5367055493,632afe41-dcb1-4404-9f5d-212fea4887a7
250,HORSESHOE BAY/DUNDARAVE/VANCOUVER,North Shore,Std. Bus,All Day Frequent,101000,181000,10.1,24 km/h,32,2380826,7008,6150,4862,7,68%,7352381,68791,,Horseshoe Bay; Park Royal; Vancouver City Centre,Canada Line; Expo/Millennium Line,48665.4876556456,2024,709,48665.4876556702,dd6be555-92c9-4bb5-8ac9-46ed3588fb71
251,QUEENS/PARK ROYAL,North Shore,Mini-Bus,Basic,21000,16000,9.7,27 km/h,168,86016,282,165,113,0,78%,765460,8684,,,,16764.6234882025,2024,710,16764.6234882286,4183711d-a96b-4a1b-9107-97c6f2b7053f
252,INGLEWOOD/PARK ROYAL,North Shore,Mini-Bus,Basic,18000,15000,6.8,23 km/h,176,61954,196,125,103,0,79%,654214,7313,,,,12744.7086534471,2024,711,12744.7086534632,1d3ae69e-7415-4ca5-bcd6-be6af51eb57f
253,CAULFEILD/VANCOUVER/PARK ROYAL,North Shore,Std. Bus,Basic,96000,180000,13.9,26 km/h,130,290311,1055,263,213,4,64%,1185781,10638,,Caulfeild; Park Royal; Vancouver City Centre,Canada Line; Expo/Millennium Line,38833.6222623021,2024,712,38833.6222623342,ee886b35-414d-4118-8200-56d88d448067
254,BRITISH PROPERTIES/PARK ROYAL/VAN,North Shore,Std. Bus,Basic,93000,173000,12.7,24 km/h,147,173492,604,221,180,3,64%,828016,7871,,Park Royal; Vancouver City Centre,Canada Line; Expo/Millennium Line,48216.8759853308,2024,713,48216.8759853322,b92f7987-fc56-4c3c-90ba-442496d8e684
255,DUNDARAVE/CAPILANO UNIVERSITY,North Shore,Std. Bus,Standard,71000,52000,13.5,21 km/h,79,984327,3138,1910,1596,1,61%,3495433,32819,Data reflects service redesign with R2 in Apr 2020,,,31046.9620676917,2024,714,31046.9620676539,3cfa5e69-6561-4d86-aecc-2a1f0225edcb
256,WHITBY ESTATE/PARK ROYAL/SPURAWAY,North Shore,Mini-Bus,Basic,22000,11000,8.6,20 km/h,162,97660,279,280,210,0,69%,491299,5573,,,,20480.7422219178,2024,715,20480.7422219313,c8eeb7d1-216f-476f-8157-0f05ee0685d0
257,HORSESHOE BAY/VANCOUVER EXPRESS,North Shore,Artic. Bus,Standard,85000,176000,22,35 km/h,59,1326466,3471,4158,3785,5,81%,3462770,35176,,Horseshoe Bay; Park Royal; Stadium-Chinatown; Vancouver City Centre,Canada Line; Expo/Millennium Line,55576.0686792993,2024,716,55576.0686793039,50bb0b0a-501f-4b8b-8535-9a1d9afa0079
262,LIONS BAY/CAULFEILD,North Shore,Mini-Bus,Basic,9000,2000,12.4,48 km/h,185,34571,97,102,80,0,81%,494133,5603,,,,49853.9705866257,2024,717,49853.9705866295,849f08bf-aeac-4204-ac62-dcbbcdc83a10
301,NEWTON EXCHANGE/BRIGHOUSE STATION,Southwest,Double Decker,Peak Frequent,94000,56000,29.6,33 km/h,48,1666198,5213,3209,3098,5,77%,3808597,37564,,Newton; Richmond-Brighouse; Scottsdale,Canada Line,82764.4347092982,2024,718,82764.4347093177,3801231a-1acc-4c67-acda-dbc79d0907b9
310,SCOTTSDALE/LADNER,Southeast,Std. Bus,Standard,41000,16000,22.3,32 km/h,108,598731,1759,1379,1368,0,81%,2252556,24329,Data reflects extension to Ladner Village in Sep 2021,,,44695.2533756394,2024,719,44695.2533756525,28b30815-c244-4d05-a111-20fb3e50bd77
311,SCOTTSDALE/BRIDGEPORT STN,Southeast,Double Decker,Peak Only - Limited,36000,21000,29.3,46 km/h,142,217868,873,0,488,0,86%,856048,8255,,Bridgeport; Matthews; Scottsdale,Canada Line,82054.1983997715,2024,720,82054.1983997874,e874212e-2fe0-41b7-98ac-b9db547c92aa
312,SCOTTSDALE/SCOTT ROAD STN,Southeast,Std. Bus,Standard,48000,17000,11.5,23 km/h,66,1208029,3658,2900,2253,11,93%,2394470,24438,,Scott Road; Scottsdale,Expo/Millennium Line,25087.3419928984,2024,721,25087.3419929122,f33aae61-c4cd-45ac-bd7b-7a478775c274
314,SURREY CENTRAL/SUNBURY,Southeast,Std. Bus,Basic,75000,36000,7.6,19 km/h,113,536097,1747,1000,754,10,88%,1075928,10781,,King George; Surrey Central,Expo/Millennium Line,31756.7565684459,2024,722,31756.7565684588,12e39532-8860-47b5-8c6f-427b486a25d8
316,SURREY CENTRAL STN/SCOTTSDALE,Southeast,Std. Bus,Basic,77000,27000,10.7,19 km/h,82,945367,2793,2475,1866,8,88%,1683315,19316,,Scottsdale; Surrey Central,Expo/Millennium Line,20498.4550451356,2024,723,20498.4550451173,a3b42512-3892-4378-91a4-4f36dad4d63a
319,SCOTT STN/NEWTON EXCH/SCOTTSDALE,Southeast,Std. Bus,All Day Frequent,66000,36000,12.3,20 km/h,24,3046316,9063,7170,6412,6,83%,10486822,56496,,Newton; Scott Road; Scottsdale,Expo/Millennium Line,36393.0708065474,2024,724,36393.0708065824,52a601f0-53fb-4cc3-9709-0d5c51dba540
320,LANGLEY/FLEETWOOD/SURREY CTRL STN,Southeast,Std. Bus,All Day Frequent,125000,64000,14.5,21 km/h,36,2168022,6449,5162,4521,14,79%,5313827,56175,,Cloverdale; Guildford; Langley Centre; Surrey Central,Expo/Millennium Line,58166.7722320211,2024,725,58166.7722319753,bc9a3b59-5699-4f7a-894a-2086e3b50064
321,WHITE ROCK/NEWTON/SURREY CTRL STN,Southeast,Std. Bus,All Day Frequent,151000,75000,23.1,23 km/h,13,4328174,12701,10951,9173,35,79%,6827256,89297,,Columbia; King George; New Westminster; Newton; Scott Road; South Surrey; Surrey Central; White Rock Centre,Expo/Millennium Line,93127.5369621455,2024,726,93127.5369621456,e04e4d32-15d4-4515-a69c-7dd91915c5c0
322,NEWTON EX/SCOTTSDALE,Southeast,Mini-Bus,Standard,71000,21000,14.7,24 km/h,77,986370,2983,2215,1975,3,91%,1512419,37350,,,,33134.3830352347,2024,727,33134.383035244,eac84883-1dc1-4cb4-8828-c9e8a9615699
323,NEWTON EXCH/SURREY CENTRAL STN,Southeast,Artic. Bus,All Day Frequent,56000,45000,10.5,18 km/h,9,4881294,14348,11810,10685,13,86%,5049848,63891,,Newton; Surrey Central,Expo/Millennium Line,21912.5002396903,2024,728,21912.5002397036,a5cb206a-16ac-4626-a636-199ced3f3a23
324,NEWTON EXCH/SURREY CENTRAL STN,Southeast,Std. Bus,Standard,64000,36000,10.6,18 km/h,51,1568344,4770,3661,2929,12,86%,2291751,27993,,Newton; Surrey Central,Expo/Millennium Line,19914.0831884534,2024,729,19914.0831884483,a6183cc6-10a4-4410-996a-98eaf232a8cf
325,NEWTON EXCH/SURREY CENTRAL STN,Southeast,Std. Bus,Standard,60000,29000,7.5,18 km/h,55,1424076,4231,3369,3008,16,87%,1985540,20638,,Newton; Surrey Central,Expo/Millennium Line,16053.4779496984,2024,730,16053.4779497021,92c34332-d844-4e5e-988d-1e46f05b1157
326,GUILDFORD/SURREY CENTRAL STN,Southeast,Std. Bus,Basic,88000,40000,12.4,19 km/h,109,588899,1969,933,771,15,80%,1255988,14802,,Guildford; King George; Surrey Central,Expo/Millennium Line,28599.9653101337,2024,731,28599.9653101053,294e7fbc-f2a9-43b4-bff7-633cfbca9adc
329,SURREY CENTRAL STN/SCOTTSDALE,Southeast,Std. Bus,Basic,82000,41000,8.9,17 km/h,146,180531,607,548,479,6,88%,383405,4311,,King George; Scottsdale; Surrey Central,Expo/Millennium Line,25817.8437149284,2024,732,25817.8437149279,f368a212-0bab-4100-9276-62e649f100fc
335,NEWTON/SURREY CENTRAL STN,Southeast,Std. Bus,Peak Frequent,136000,52000,13.9,21 km/h,15,4207650,12930,9333,7734,33,77%,5773820,67534,,Gateway; Guildford; Newton; Surrey Central,Expo/Millennium Line,47392.430862536,2024,733,47392.4308625402,20339c1f-bb6c-487b-ba7b-c8323d714c2f
337,FRASER HEIGHTS/GUILDFORD/SURREY CTR,Southeast,Std. Bus,Peak Frequent,63000,30000,7.8,24 km/h,83,930925,2834,2121,1767,2,85%,2185976,23715,,Guildford; Surrey Central,Expo/Millennium Line,24415.3108501371,2024,734,24415.3108501438,2f61f571-948b-4d3e-a74d-36291bec17ad
340,SCOTTSDALE/22ND ST STN,Southeast,Double Decker,Peak Frequent,35000,26000,16.5,36 km/h,58,1379858,4286,3016,2399,1,92%,2831872,29273,,22nd Street; Scottsdale,Expo/Millennium Line,46450.2478267484,2024,735,46450.2478267418,f6f58280-8011-4c9f-b6b1-0b085d1fdb4a
341,GUILDFORD/NEWTON EXCH,Southeast,Std. Bus,Standard,82000,28000,9.1,20 km/h,76,1002158,3036,2235,1999,7,83%,2024962,20772,,,,25026.2985682934,2024,736,25026.2985683094,c19aed4a-68df-4887-86c5-acb9a66e44e0
342,LANGLEY CENTRE/NEWTON EXCHANGE,Southeast,Std. Bus,Standard,76000,46000,21,24 km/h,49,1580732,4964,3393,2590,17,77%,3886378,40154,,,,50914.6829420845,2024,737,50914.6829420752,65d124bb-ba5a-4dad-a4cd-475d87f92b84
345,KING GEORGE STN/WHITE ROCK CENTRE,Southeast,Std. Bus,Peak Frequent,84000,47000,20.3,24 km/h,68,1195178,4786,0,3366,29,77%,2469670,29109,,King George; White Rock Centre,Expo/Millennium Line,53745.4687319855,2024,738,53745.4687319558,e94566e9-13b2-4f0a-987a-f0828e8a29ad
350,WHITE ROCK CTR/CRESCENT BEACH,Southeast,Std. Bus,Standard,36000,13000,9.4,31 km/h,144,199430,554,562,498,0,93%,1999321,18541,Data reflects split with 351 in Sep 2019; See 351 for earlier data,,,17517.4398688789,2024,739,17517.4398688825,b748d6c1-4ed5-4e6d-97c2-3d62e36f304d
351,WHITE ROCK CTR/BRIDGEPORT STN,Southeast,Double Decker,All Day Frequent,44000,29000,38.3,48 km/h,52,1563900,4615,3794,3345,1,78%,6393870,60067,Data reflects split with 350 in Sep 2019,Bridgeport; Matthews; South Surrey; White Rock Centre,Canada Line,112160.61191056,2024,740,112160.611910589,02e481f5-012f-4e34-be0a-e74a26165d6a
352,OCEAN PARK /BRIDGEPORT STN,Southeast,Std. Bus,Peak Only - Limited,47000,26000,43.6,49 km/h,157,113738,456,0,265,0,82%,976734,9276,,Bridgeport; South Surrey; White Rock Centre,Canada Line,115325.32827314,2024,741,115325.328273156,9cd9a513-5ab0-41ac-a2a5-1092f0d41dc7
354,WHITE ROCK SOUTH/BRIDGEPORT STATION,Southeast,Std. Bus,Peak Only - Limited,72000,40000,46.1,42 km/h,155,122089,489,0,270,4,80%,815855,7832,,Bridgeport; South Surrey; White Rock Centre,Canada Line,125387.078779959,2024,742,125387.078779968,b6c61af8-a2c4-4a95-9e81-a4d5b99fcd8c
360,OCEAN PARK/PEACE ARCH HOSPITAL,Southeast,Mini-Bus,Basic,36000,12000,12.3,29 km/h,174,65444,220,105,79,0,74%,608120,8813,,,,20607.7389385164,2024,743,20607.7389384884,36a713af-acfb-4b5b-a268-7ce77ea1c19e
361,OCEAN PARK/WHITE ROCK CENTRE,Southeast,Mini-Bus,Basic,42000,14000,11.2,27 km/h,161,100610,334,162,139,0,83%,646831,9373,,,,19923.9608501822,2024,744,19923.9608501706,077bc8e5-9baa-44b2-83d8-a133abf108c9
362,SEASIDE/WHITE ROCK CENTRE,Southeast,Mini-Bus,Standard,27000,11000,3.9,20 km/h,164,94492,208,369,362,0,76%,364176,5479,,,,10123.5047682798,2024,745,10123.5047682729,ae70304f-fd64-492c-afa6-62ce1e57c4af
363,SOUTHPOINT/PEACE ARCH HOSPITAL,Southeast,Mini-Bus,Standard,56000,25000,12.3,25 km/h,140,223740,630,607,542,0,81%,1268119,18518,,,,24201.6926581517,2024,746,24201.6926581365,b48c3a9c-f84d-4d71-8663-5d7065e95fbe
364,LANGLEY CTR/ SCOTTSDALE,Southeast,Std. Bus,Standard,92000,42000,21.7,23 km/h,45,1860283,5706,4189,3412,16,72%,3437474,39288,,,,55646.8825108231,2024,747,55646.8825108368,a6f82520-56e2-4482-9847-4f2ee608c010
371,SURREY CNTRL/SCOTT RD STN,Southeast,Mini-Bus,Basic,40000,24000,8.2,21 km/h,132,278814,864,648,463,1,81%,615613,11610,,Gateway; Scott Road; Surrey Central,Expo/Millennium Line,15028.6345896085,2024,748,15028.6345895877,bb799a1e-a5c8-49df-b3ac-90a3f7b8ea4c
373,GUILDFORD/ SURREY CNTRL STN,Southeast,Mini-Bus,Peak Frequent,72000,31000,10.5,22 km/h,88,893769,2709,2041,1742,4,72%,1319484,30409,,Gateway; Guildford; Surrey Central,Expo/Millennium Line,24320.4566444591,2024,749,24320.4566444899,b1febea3-5dd7-45b0-892a-0572fcd49675
375,WHITE ROCK/WHITE ROCK STH/GUILDFORD,Southeast,Std. Bus,Standard,99000,42000,22.8,22 km/h,78,985569,2345,3715,3206,8,75%,2659860,27969,,,,56367.1899815135,2024,750,56367.1899814996,c09610e1-2247-48d4-887a-f89acdd02ad9
388,22ND ST STN/CARVOLTH EXCH,Southeast,Std. Bus,Peak Only - Limited,67000,57000,26.3,28 km/h,124,434050,1738,0,1266,2,69%,1561349,15383,,22nd Street; Carvolth,Expo/Millennium Line,76927.9776375819,2024,751,76927.9776375455,987843dd-95ed-4b42-9da0-442eb6b94a2f
391,SCOTTSDALE/SCOTT ROAD STN,Southeast,Std. Bus,Peak Only - Limited,47000,17000,10.7,19 km/h,165,94436,378,0,207,7,89%,223483,2635,,Scott Road; Scottsdale,Expo/Millennium Line,22783.6150015869,2024,752,22783.615001583,b5faeb0e-c059-496b-931c-d45b1b513bd6
393,NEWTON EXCH/SURREY CENTRAL STN,Southeast,Std. Bus,Peak Only - Limited,78000,47000,13.4,18 km/h,152,131106,525,0,326,31,76%,221969,2332,,Newton; Surrey Central,Expo/Millennium Line,35081.9837738247,2024,753,35081.9837738322,dad873b4-6b99-470e-a44a-944802363d57
394,WHITE ROCK/KING GEORGE STN EXPRESS,Southeast,Std. Bus,Peak Only - Limited,89000,50000,21.4,26 km/h,139,224395,899,0,550,2,82%,1268118,9037,,King George; Newton; South Surrey; White Rock Centre,Expo/Millennium Line,57836.0670306719,2024,754,57836.0670307182,4291d6d5-86b4-4d5f-a363-66628de371c7
395,LANGLEY CENTRE/KING GEORGE STN,Southeast,Std. Bus,Peak Only - Limited,83000,51000,20.9,26 km/h,148,164676,660,0,408,11,80%,692951,6536,,King George; Langley Centre,Expo/Millennium Line,48383.667993447,2024,755,48383.6679934512,fc5ecec3-a3cb-41e3-b307-8c8595fba622
401,RICHMOND-BRIGHOUSE STN / ONE ROAD,Southwest,Std. Bus,Peak Frequent,64000,34000,9.4,24 km/h,62,1241840,3808,2797,2282,0,80%,3171735,29485,,Richmond-Brighouse; Steveston,Canada Line,25652.1161892903,2024,756,25652.1161893007,1096c65a-d0ed-46da-a7aa-d0a56dffb61e
402,TWO ROAD/BRIGHOUSE STATION,Southwest,Std. Bus,Peak Frequent,73000,31000,9.1,23 km/h,91,858965,2726,1647,1454,2,91%,2315531,21313,,Richmond-Brighouse; Steveston,Canada Line,17586.1286430121,2024,757,17586.128643013,eff70167-cd6e-4676-8606-bce73e7d28b7
403,BRIDGEPORT STN/THREE ROAD,Southwest,Std. Bus,Peak Frequent,73000,65000,11.9,21 km/h,47,1679904,4906,4253,3649,5,81%,4087265,38841,,Aberdeen; Bridgeport; Lansdowne; Richmond-Brighouse,Canada Line,28702.3564600393,2024,758,28702.3564600677,a1cd91a1-4cfa-44d3-812c-323e5ff91993
404,FOUR ROAD/BRIGHOUSE STATION,Southwest,Std. Bus,Standard,55000,37000,8.3,24 km/h,119,470095,1447,1012,881,0,87%,1986818,18384,,Richmond-Brighouse,Canada Line,17908.9618119887,2024,759,17908.9618120019,32776043-fd4a-4485-9647-b54e843681ea
405,FIVE ROAD/CAMBIE,Southwest,Std. Bus,Standard,83000,79000,18.7,25 km/h,103,657401,2091,1277,1083,0,68%,2446474,23129,,Knight Street-Marine Drive; Lansdowne; Richmond-Brighouse,Canada Line,49994.9128825953,2024,760,49994.912882628,7e195415-bde8-4d2e-9214-0187afced70c
406,RICHMOND BRIGHOUSE STN/STEVESTON,Southwest,Std. Bus,All Day Frequent,74000,30000,10,26 km/h,57,1386721,4103,3325,2955,2,94%,3915560,36473,,Richmond-Brighouse; Steveston,Canada Line,22156.0230953003,2024,761,22156.0230953128,39723237-7e93-4d3b-9725-63ea488973e4
407,GILBERT/BRIDGEPORT,Southwest,Std. Bus,Standard,98000,83000,16.7,24 km/h,85,916547,2983,1533,1449,0,77%,3605710,33254,,Bridgeport; Knight Street-Marine Drive; Lansdowne; Steveston,Canada Line,54647.2604467127,2024,762,54647.2604467071,53752011-f94d-4cb6-ac7a-0c1fb4353e1a
408,BRIGHOUSE/IRONWOOD/RIVERPORT,Southwest,Std. Bus,Peak Frequent,63000,37000,8.3,23 km/h,65,1214568,3827,2479,2044,4,84%,2866000,26822,,Richmond-Brighouse,Canada Line,19378.7244293608,2024,763,19378.724429342,d2caa44c-91ac-4d9c-bef4-b2106bb32171
410,RICHMOND-BRIGHOUSE STN/22ND ST STN,Southwest,Std. Bus,All Day Frequent,79000,78000,18.3,27 km/h,19,3381191,10259,7758,6512,10,82%,6959054,69858,,22nd Street; Aberdeen; Lansdowne; Richmond-Brighouse,Canada Line; Expo/Millennium Line,66894.8100992632,2024,764,66894.8100992577,787bcc8a-7d8e-4d6c-a158-f47587ce3b29
412,BRIDGEPORT STATION/SEA ISLAND SOUTH,Southwest,Mini-Bus,Basic,9000,18000,6.9,29 km/h,156,118202,460,66,112,0,90%,712016,8499,,Bridgeport,Canada Line,15746.4777603163,2024,765,15746.4777603333,41b7f88d-eb6e-40da-bdd1-e2a2e0ce368c
413,RIVERPORT/STEVESTON,Southwest,Mini-Bus,Basic,42000,18000,10.7,27 km/h,154,122624,382,283,197,0,80%,670879,9674,,,,23291.6109492409,2024,766,23291.610949262,f0f9d6b1-9b19-45de-8cd7-9c8c38932dde
414,RICHMOND OVAL/BRIGHOUSE STN,Southwest,Mini-Bus,Basic,45000,29000,4.1,18 km/h,179,55420,190,151,128,0,76%,267847,3886,,Richmond-Brighouse,Canada Line,12242.9764405705,2024,767,12242.9764405423,c71b38f4-8b77-4da0-bb40-f46b3b2717e3
416,EAST CAMBIE/BRIGHOUSE STATION,Southwest,Mini-Bus,Peak Only - Limited,58000,58000,10.9,22 km/h,170,69992,280,0,157,1,67%,323553,4754,,Lansdowne; Richmond-Brighouse,Canada Line,22598.430208726,2024,768,22598.4302087399,d15d060e-43c0-4cad-9869-5b89a939a037
418,KINGSWOOD/22ND ST STN,Southwest,Std. Bus,Peak Only - Limited,15000,12000,8.5,30 km/h,133,273185,1093,0,987,5,75%,754286,7653,,22nd Street,Expo/Millennium Line,28355.3278022649,2024,769,28355.32780226,4e2df33c-0ee0-44a8-99a0-77530e934ca8
430,METROTOWN/BRIGHOUSE STATION,Southwest,Std. Bus,Peak Frequent,116000,87000,18.9,22 km/h,31,2432584,7255,5816,4978,13,66%,4405034,46782,,Bridgeport; Metrotown; Richmond-Brighouse,Canada Line; Expo/Millennium Line,39050.3139010241,2024,770,39050.313901024,38c39a31-8847-4374-bd98-a615c4988df8
501,LANGLEY CENTRE/SURREY CENTRAL STN,Southeast,Std. Bus,Peak Frequent,95000,80000,27.4,25 km/h,41,2041306,6539,4252,2954,22,80%,4986833,52486,,Carvolth; Guildford; Langley Centre; Surrey Central,Expo/Millennium Line,71141.1368100063,2024,771,71140.9668099704,cb75ef30-42a0-462e-9863-0ca1d5bf9231
502,LANGLEY CENTRE/SURREY CENTRAL STN,Southeast,Std. Bus,All Day Frequent,82000,48000,14.2,24 km/h,38,2093162,6101,5481,4445,13,76%,6241032,60894,Data reflects service redesign with 503 in Sep 2019,King George; Langley Centre; Surrey Central,Expo/Millennium Line,48411.5629686571,2024,772,48411.5629686289,e9a445e7-6d99-4c45-92bd-45f9aff8aad1
503,ALDERGROVE/SURREY CENTRAL STN,Southeast,Std. Bus,All Day Frequent,104000,60000,22.5,28 km/h,30,2750420,8344,6445,5195,26,77%,7954672,83870,Data reflects service redesign with 502 in Sep 2019,King George; Langley Centre; Surrey Central,Expo/Millennium Line,82280.3280092429,2024,773,82280.3280092319,b3f5159b-2260-4427-a11d-e21a399e3bb3
509,WALNUT GROVE/SURREY CENTRAL STN,Southeast,Std. Bus,Peak Only - Limited,94000,52000,20.6,32 km/h,158,107198,430,0,203,2,80%,702423,7291,,Carvolth; Guildford; Langley Centre; Surrey Central,Expo/Millennium Line,84268.0671341084,2024,774,84268.0671340683,980b94b7-8564-4597-867b-7c6506b03f37
531,WHITE ROCK CENTRE/WILLOWBROOK,Southeast,Std. Bus,Standard,72000,49000,19.7,26 km/h,80,980923,3177,1805,1475,10,91%,3091104,33130,,,,59559.5394835332,2024,775,59559.5394835286,16e63dd1-a94d-4c07-a6f6-a0cb887c1836
555,CARVOLTH EXCH / LOUGHEED STN,Southeast,Double Decker,Peak Frequent,30000,16000,22.1,66 km/h,71,1181696,3970,1921,1435,6,92%,2150689,20961,,Carvolth; Lougheed Town Centre,Expo/Millennium Line,66250.3282812118,2024,776,66250.3282812394,b6ebfbd4-7126-457c-9560-777867790c2e
595,MAPLE MEADOWS STN/LANGLEY CENTRE,Southeast,Std. Bus,Standard,51000,39000,17.6,28 km/h,107,611042,1941,1221,989,3,84%,1951907,20043,,Carvolth; Langley Centre; Maple Meadows,West Coast Express,37387.6624424865,2024,777,37387.6624425073,c505db17-d08f-4b45-9044-f16d64715b11
601,SOUTH DELTA/BOUNDARY BAY/BRIDGEPORT,Southwest,Std. Bus,Peak Frequent,39000,27000,24.9,36 km/h,74,1126506,3308,2795,2421,3,75%,4854479,46418,,Bridgeport; Ladner; South Delta,Canada Line,97661.7663943718,2024,778,97661.7663944144,9d243d8b-fac4-4a4b-945b-023cee68f70e
602,TSAWWASSEN HEIGHTS/BRIDGEPORT,Southwest,Std. Bus,Peak Only - Limited,26000,20000,26.1,40 km/h,171,69501,279,0,148,0,75%,,5324,,Bridgeport; South Delta,Canada Line,74311.1020080029,2024,779,74311.1020080395,8f62e540-1e62-48d9-9d10-d3e7caa97b54
603,BEACH GROVE/BRIDGEPORT,Southwest,Std. Bus,Peak Only - Limited,32000,20000,14.7,34 km/h,183,37852,152,0,57,0,75%,421456,3899,,Bridgeport; South Delta,Canada Line,82137.2627807853,2024,780,82137.2627808097,04bfdff3-560e-426e-88ab-880558a26419
604,ENGLISH BLUFF/BRIDGEPORT,Southwest,Std. Bus,Peak Only - Limited,32000,20000,16.6,35 km/h,184,36316,146,0,64,0,81%,,3921,,Bridgeport; South Delta,Canada Line,81679.166182618,2024,781,81679.1661826326,8c8fcf8e-c317-4762-987f-7287b506b687
609,SOUTH DELTA EXCH/LADNER EXCH,Southwest,Mini-Bus,Basic,24000,12000,17.4,26 km/h,180,44306,129,124,90,0,76%,419282,9238,Data reflects extension to Ladner Exchange in Sep 2024,,,29562.93176851,2024,782,29562.9317685104,05d0f76a-2b64-4f6e-8f15-edbb07a24b5c
614,ENGLISH BLUFF/SOUTH DELTA EXCH,Southwest,Mini-Bus,Basic,22000,7000,6.7,27 km/h,193,11453,34,30,23,0,86%,197143,3049,,,,19876.3731340239,2024,783,19876.373134037,69ccfa70-a2be-4618-b014-1472a1b38718
616,LADNER SOUTH/LADNER EXCH,Southwest,Mini-Bus,Basic,15000,7000,3.8,26 km/h,186,26885,89,44,36,0,93%,300047,4256,,,,11333.7624934473,2024,784,11333.7624934538,b9191e53-e7cc-4b33-8cfa-07296bd579bc
618,LADNER NORTH/LADNER EXCH,Southwest,Mini-Bus,Basic,16000,7000,4.3,27 km/h,187,22822,76,42,26,0,93%,297993,4342,,,,14958.0348414475,2024,785,14958.0348414776,44e23ee8-55b5-4b45-98b3-487b7a9220ed
619,BOUNDARY BAY/SOUTH DELTA REC CENTRE,Southwest,Mini-Bus,Basic,11000,5000,5.5,28 km/h,194,10256,31,23,21,0,91%,182361,2940,,,,11306.0160460614,2024,786,11306.0160460649,6d8ed4e6-d5f7-4989-be18-f7a09e4bdd96
620,TSAWWASSEN FERRY/BRIDGEPORT STATION,Southwest,Double Decker,Special,16000,17000,27.9,47 km/h,94,792774,1960,2534,2660,11,71%,2715435,25527,,Bridgeport; Ladner; Tsawwassen Ferry Terminal,Canada Line,74322.1442392193,2024,787,74322.1442392322,a2b92b7e-508a-487d-a309-8ba50341fc56
640,LADNER EXCH/SCOTT ROAD STN,Southeast,Std. Bus,Peak Frequent,15000,25000,20.6,35 km/h,60,1304091,4419,1911,1606,3,86%,4369054,47403,,Ladner; Scott Road,Expo/Millennium Line,50630.7643542935,2024,788,50630.7643543138,c0a3c714-7f1a-42a5-8c58-7c5f358a2bdb
701,HANEY/MAPLE RIDGE EAST/COQ STN,Maple Ridge/Pitt Meadows,Std. Bus,All Day Frequent,87000,48000,25.4,29 km/h,61,1259019,3742,3081,2570,1,72%,6265300,57717,,Coquitlam Central; Haney Place; Maple Meadows; Mission City; Pitt Meadows,Expo/Millennium Line; West Coast Express,119053.593622785,2024,789,119053.593622767,05dcff47-5263-4c46-a4ba-10d5d42a90f6
719/722,MEADOWTOWN/BONSON/FRASER WAY,Maple Ridge/Pitt Meadows,Mini-Bus,Basic,22000,12000,6,22 km/h,188,18932,71,24,32,0,81%,350788,5136,,Maple Meadows; Meadowtown; Pitt Meadows,West Coast Express,18891.8135389903,2024,790,18891.8135389903,79a0e175-d99d-4c05-8f06-6b55e4729a68
733,ROCK RIDGE/HANEY PL/PT HANEY STN,Maple Ridge/Pitt Meadows,Mini-Bus,Basic,28000,11000,6.9,28 km/h,173,66953,212,138,108,0,89%,527017,7920,,Haney Place; Port Haney,West Coast Express,18550.646871402,2024,791,18550.6468714423,2a823b3a-79b9-4371-a7bc-35fb48ac9d69
741,ANDERSON CREEK/HANEY PL/PT HANEY ST,Maple Ridge/Pitt Meadows,Mini-Bus,Basic,23000,10000,7,28 km/h,175,63916,209,109,96,0,90%,509283,7732,,Haney Place; Port Haney,West Coast Express,19646.2290874076,2024,792,19646.2290874356,1168e58f-764d-4453-bcb7-39e43737a990
743,HANEY PL/MAPLE MDWS STN/MEADOWTOWN,Maple Ridge/Pitt Meadows,Mini-Bus,Basic,35000,19000,7.7,25 km/h,178,56862,206,93,10,0,83%,741062,10681,,Haney Place; Maple Meadows; Meadowtown; Port Haney,West Coast Express,21590.0084359256,2024,793,21590.0084359224,ea7f08b6-301a-4c83-8ed8-4cb4a61bfb09
744,HANEY PL/MAPLE MDWS STN/MEADOWTOWN,Maple Ridge/Pitt Meadows,Mini-Bus,Basic,36000,19000,11.3,24 km/h,169,79793,296,111,134,0,82%,726838,10638,,Haney Place; Maple Meadows; Meadowtown,West Coast Express,19232.5644950931,2024,794,19232.564495108,0dd69b02-5a2f-4caf-975d-7665428c4797
745/746,HANEY PLACE/COTTONWOOD/ALBION,Maple Ridge/Pitt Meadows,Mini-Bus,Basic,47000,15000,10.2,30 km/h,145,198751,695,249,196,1,81%,1004135,16272,,Haney Place; Port Haney,West Coast Express,39363.707581127,2024,795,39363.7075811664,7b1708ee-c66a-464e-b6c9-5f330371f59e
748,THORNHILL/HANEY PLACE,Maple Ridge/Pitt Meadows,Mini-Bus,Basic,28000,11000,19.6,36 km/h,191,15102,54,32,29,0,71%,195255,2755,,Haney Place; Port Haney,West Coast Express,40991.8745763741,2024,796,40991.8745764066,ab183895-3bb3-4a67-994b-95ad48f3b69e
749,RUSKIN/HANEY PLACE,Maple Ridge/Pitt Meadows,Mini-Bus,Basic,27000,11000,17.4,40 km/h,190,15143,53,37,33,0,73%,175199,2589,,,,47075.0043452341,2024,797,47075.0043452712,83b47b44-1dc1-4b69-bf43-3cdf8aa121aa
791,HANEY PLACE/BRAID STN,Maple Ridge/Pitt Meadows,Std. Bus,Basic,50000,51000,26.9,31 km/h,110,572816,2293,0,1798,10,77%,2170748,21599,,Braid; Haney Place; Maple Meadows; Pitt Meadows,Expo/Millennium Line; West Coast Express,67938.7843485261,2024,798,67938.7843485039,f0ec43ac-2214-4c08-a4b7-2acdd2b9fad0
R1,KING GEORGE BLVD,Southeast,Artic. Bus,All Day Frequent,83000,48000,10.8,19 km/h,8,5163383,15436,12021,10690,15,84%,5883318,59606,Upgraded to R1 RapidBus from 96 B-Line in Jan 2020,Guildford; King George; Newton; Surrey Central,Expo/Millennium Line,32291.6706529458,2024,799,32291.6706529779,cabc409f-4a77-4fca-875b-d9c5fe7ae595
R2,MARINE DR,North Shore,Artic. Bus,All Day Frequent,40000,38000,10.2,20 km/h,43,1943733,5728,4979,3979,0,78%,5334167,50331,New R2 RapidBus launched Apr 2020,,,19990.5401787761,2024,800,19990.5401787347,a4021407-bead-4eef-95d8-791312eeb2aa
R3,LOUGHEED HWY,Maple Ridge/Pitt Meadows,Artic. Bus,All Day Frequent,36000,26000,17.3,35 km/h,75,1069905,3183,2671,2131,0,93%,4828579,45322,New R3 RapidBus launched Apr 2020,Coquitlam Central; Haney Place,Expo/Millennium Line; West Coast Express,44874.4552585537,2024,801,44874.4552585744,adb397dd-9638-4f74-8094-f211f1b3013c
R4,41ST AVE,Vancouver/UBC,Artic. Bus,All Day Frequent,90000,41000,19.3,27 km/h,2,8802709,27902,18053,14096,17,74%,11975846,116465,New R4 RapidBus launched Apr 2020,Dunbar; Joyce-Collingwood; Oakridge-41st Avenue; UBC,Canada Line; Expo/Millennium Line,47357.8814076469,2024,802,47357.8814076292,f0f78665-b196-490d-b1ca-b8a88140e38d
R5,HASTINGS ST,Burnaby/New Westminster,Artic. Bus,All Day Frequent,98000,173000,12.5,23 km/h,11,4346935,13710,8871,7260,13,82%,9070074,75838,Upgraded to R5 RapidBus from 95 B-Line in Jan 2020; Data reflects former 135 route up to Dec 2016,Burrard; Kootenay; SFU; Waterfront,Canada Line; Expo/Millennium Line; West Coast Express,40036.2164514787,2024,803,40036.2164515047,9326c757-2a60-4049-bd09-df35362cdb67
R6,SCOTT RD,Southeast,Artic. Bus,All Day Frequent,54000,32000,12.1,23 km/h,7,5246153,15681,12486,10651,9,93%,,68213,New R6 RapidBus launched Jan 2024,Newton; Scott Road,Expo/Millennium Line,36768.749594029,2024,804,36768.7495940596,b323c640-5e44-4b12-8787-8ebc403010cc
042,ALMA/SPANISH BANKS,Vancouver/UBC,Mini-Bus,Special,9000,3000,3.6,24 km/h,195,8764,0,206,202,0,95%,34457,699,Route is summer seasonal only,,,7101.41922688451,2024,805,7101.41922687588,7ed04904-8fb1-4549-9579-5a187904a87b
179,COQUITLAM CENTRAL STN/BUNTZEN LAKE,Northeast Sector,Std. Bus,Special,38000,20000,12,28 km/h,192,14792,0,369,322,0,84%,76889,1012,,Coquitlam Central; Inlet Centre,Expo/Millennium Line; West Coast Express,23816.2896554051,2024,806,23816.2896553706,cd19bd45-9342-4521-9ef9-ff9aac9ce552
SeaBus,WATERFRONT STN/LONSDALE QUAY,North Shore,SeaBus,Special,29700,103500,3.2,,5,5954153,16841,17156,13364,,,,11100,,Lonsdale Quay; Waterfront,Canada Line; Expo/Millennium Line; West Coast Express,4903.09463766641,2024,807,4903.09463766526,5312cbf2-60cc-48f0-bc47-de3e54c2ae75
044,UBC/DOWNTOWN,Vancouver/UBC,Artic. Bus,Peak Frequent,132000,211000,17,21 km/h,69,1193669,4784,0,2408,7,78%,1851671,21640,,Burrard; Park Royal; UBC; Waterfront,Canada Line; Expo/Millennium Line; West Coast Express,44459.4985503149,2024,808,44459.498550341,4b81dd63-60e8-4d62-8e03-2dfb2a69591c
